{
  "selected_model": "CatBoost_tuned",
  "selection_reason": "CatBoost_tuned has the highest CV macro F1 and no ensemble beat it by more than 0.005. A single model is preferred for deployability and SHAP interpretability.",
  "final_test_metrics": {
    "accuracy": 0.5263157894736842,
    "balanced_accuracy": 0.49015642554662525,
    "f1_macro": 0.48622277110508416,
    "f1_weighted": 0.5354461097558226,
    "precision_macro": 0.4867916108879964,
    "recall_macro": 0.49015642554662525
  },
  "classification_report": {
    "HIGH": {
      "precision": 0.7048192771084337,
      "recall": 0.6157894736842106,
      "f1-score": 0.6573033707865169,
      "support": 190.0
    },
    "LOW": {
      "precision": 0.4222222222222222,
      "recall": 0.4523809523809524,
      "f1-score": 0.4367816091954023,
      "support": 84.0
    },
    "MEDIUM": {
      "precision": 0.3333333333333333,
      "recall": 0.40229885057471265,
      "f1-score": 0.3645833333333333,
      "support": 87.0
    },
    "accuracy": 0.5263157894736842,
    "macro avg": {
      "precision": 0.4867916108879964,
      "recall": 0.49015642554662525,
      "f1-score": 0.48622277110508416,
      "support": 361.0
    },
    "weighted avg": {
      "precision": 0.5495355382749836,
      "recall": 0.5263157894736842,
      "f1-score": 0.5354461097558226,
      "support": 361.0
    }
  },
  "confusion_matrix": [
    [
      117,
      25,
      48
    ],
    [
      24,
      38,
      22
    ],
    [
      25,
      27,
      35
    ]
  ],
  "class_labels": [
    "HIGH",
    "LOW",
    "MEDIUM"
  ]
}